element,MT,n_points,E_min_MeV,E_max_MeV,xs_min_barn,xs_max_barn,xs_mean_barn,xs_median_barn,log10_xs_mean,log10_xs_median,auc_log10xs_over_log10E,slope_low,slope_mid,slope_high,xs_at_1em05_MeV,xs_at_0p001_MeV,xs_at_0p1_MeV,xs_at_1_MeV,xs_at_10_MeV,xs_at_1000_MeV,xs_at_100000_MeV,xs_at_1e+07_MeV
Ag,900,84239,1e-05,200000000.0,0.004163929,2312.869,9.01415597442188,5.022145,0.3787965656503717,0.7008892475626443,17.20995741005613,-0.4998017139913383,-0.5515915812945241,1.0328438000357154,632.5454,63.26869000000001,6.4724450000000004,2.66916,0.6339326,0.3962435,33.26899,409.7157999999999
Ag,901,84239,1e-05,200000000.0,0.004397456,4753.056,15.853785815975497,5.110344,0.4198951648003799,0.7084501354132574,19.722459515318633,-0.49980060395868414,-0.5516045505676289,1.1014487348606565,668.0702999999997,66.82205,6.836806,2.822331,0.6704683,0.4079911,109.6214,1583.5550000000007
Al,900,7464,1e-05,200000000.0,0.0140735,1153.011,424.23503229010447,426.85485,2.356446071922004,2.6302802160756564,10.617906742667419,-0.5000007343335194,-0.5010943190733818,0.6458917572235309,63.412359999999985,6.341236,0.6341014,0.2005155,0.06327493,1.21163,173.48440000000005,966.6424000000004
Al,901,7464,1e-05,200000000.0,0.02458746,2504.629,937.7290912404395,949.8706500000001,2.688252631682253,2.97766445653752,13.989325386730044,-0.5000007350461358,-0.5010943079390912,0.6764158811188614,110.78620000000001,11.07862,1.107823,0.3503157,0.11054610000000001,1.31612,378.09959999999984,2087.4799999999996
Ar,900,77045,1e-05,200000000.0,0.001571511,1487.628,161.5766095997252,80.60021,1.8002954576519445,1.9063361733401079,3.8223929081751824,-0.5000019157080641,-0.5113091965421731,1.091289684079515,15.795100000000003,1.579511,0.1579214,0.049869050000000005,0.015522560000000001,1.182457,35.46317,908.8822999999999
Ar,901,77045,1e-05,200000000.0,0.001729066,3423.711,368.46139267994835,182.422,2.1409018360350025,2.2610772128435275,5.667477898403274,-0.5000018846195764,-0.5110767549054808,1.1517423730493195,17.109220000000004,1.710921,0.1710606,0.054019619999999983,0.016819540000000004,1.182551,77.23777999999999,2103.3940000000002
As,900,60475,1e-05,200000000.0,0.02270638,2167.348,35.26575384948111,15.77904,1.1889715983457323,1.1980805771126157,13.165264083367658,-0.49998548753822325,0.23969427313312647,0.5898677266581358,93.48590999999999,9.348772,0.9363671,0.3006273,0.1155235,2.663256,89.07856,789.8973000000003
As,901,60475,1e-05,200000000.0,0.02790842,5365.919,60.177588544087136,25.73934,1.3683033573935297,1.4105974066696532,15.489604760682546,-0.49998548716439856,0.23969426939515123,0.7523136591673888,114.90360000000005,11.490579999999998,1.150889,0.3695012,0.1419901,2.667079,201.85509999999996,1946.8140000000003
Au,900,25159,1e-05,200000000.0,0.07546918,18314.56,65.56829286213602,3.4948,0.5982091141140329,0.5434223270397235,21.36529320165325,-0.49967198978222727,-0.44732560192126125,0.18222125726253363,3309.0539999999983,331.0251999999999,34.339319999999994,15.90769,3.021133,1.03181,22.57155138119175,202.87920000000008
Au,901,25159,1e-05,200000000.0,0.07570096,18371.57,82.45694944886162,3.504527,0.6132035207012471,0.5446294102764303,24.296084363311888,-0.4996719948394631,-0.4473280268801859,0.32437630364467046,3319.3590000000004,332.0560999999999,34.44626,15.957220000000003,3.030535,1.034811,75.68798898975494,1458.6129999999994
Ba,900,136196,1e-05,200000000.0,0.002082344,3711.848,66.77363209625187,5.0915875,0.6599923254930794,0.7068532115181023,7.088731313885091,-0.5000269520806039,0.012680130713370609,0.8628648523347118,21.356929999999995,2.135634,0.21293210000000004,0.06569178999999999,0.020138689999999997,1.146492,32.31096,1407.3400000000004
Ba,901,136196,1e-05,200000000.0,0.002206259,9368.598,160.30626992584885,6.063504,0.7746128047238608,0.7827236683978149,8.952785869017257,-0.5000272579763022,0.013477263955204115,0.9803209497333166,22.96927,2.296862,0.22899959999999997,0.0706288,0.02165264,1.146645,71.58590999999998,3535.4330000000004
Be,900,1172,1e-05,200000000.0,0.00142363,539.3042,135.48165415375598,133.7419,1.2443409787987927,2.1262659327794253,2.8789054731293895,-0.49999941679526305,-0.43671568211371303,0.17889664178855788,4.096946,0.4096951,0.04096878,0.012955969999999999,0.004097693000000001,8.629295,190.6661,123.88540000000003
Be,901,1172,1e-05,200000000.0,0.002708024,1162.078,291.258137265302,287.12595,1.5509675104074576,2.458070835016211,6.473269548257812,-0.4999994253670186,-0.4433813919266128,0.2203926845974789,7.793198,0.7793207,0.07793069000000001,0.024644809999999993,0.007794619999999998,11.41639,405.47139999999985,266.00169999999997
Bi,900,18501,1e-05,200000000.0,4.10549e-05,5321.384,67.104874654966,32.38995,1.397764655123474,1.5104102775952075,-10.789249246983164,-0.5000013243080148,-0.5008989152121853,0.7404851133143161,0.177557,0.017755679999999996,0.0017753199999999993,0.0005608570999999998,0.00017576230000000006,0.00016365159999999992,41.73583000000001,875.7234000000002
Bi,901,18501,1e-05,200000000.0,4.105491e-05,17055.17,181.13911153357319,72.85998,1.693126762680343,1.8624890476924627,-8.865055846226735,-0.5000013243080148,-0.5008989152121853,0.9184519356556617,0.177557,0.017755679999999996,0.0017753199999999993,0.0005608570999999998,0.00017576230000000006,0.00016365159999999992,107.3741,2779.1049999999987
Br,900,78597,1e-05,200000000.0,0.03647034,2621.519,27.86227489304172,12.13658,1.0973025366604567,1.0840963229517584,16.789549106595068,-0.49997875106363016,0.15781196004131165,0.5028346931687068,194.37270000000004,19.43779,1.948383,0.6301641,0.2711701,2.010979,105.49420000000002,980.4829000000004
Br,901,78597,1e-05,200000000.0,0.05329246,8448.801,55.06627276751759,21.31516,1.3051827028754657,1.328688596981101,20.23779850440722,-0.4999785479866444,0.15576611337613083,0.6673422847481499,282.542,28.25495,2.832244,0.9162024,0.3954323,2.055899,309.8497999999999,3145.3140000000003
Ca,900,93235,1e-05,200000000.0,0.007173783,2328.067,228.06592930721365,28.1893,1.6768379921593242,1.450084291554048,8.27760980736359,-0.5000005511087219,-0.4999645465988351,1.0308183894795433,33.02458,3.30245,0.3302419,0.1044022,0.03300188999999999,2.143898,11.648149999999998,1641.7720000000002
Ca,901,93235,1e-05,200000000.0,0.01107117,5563.852,543.1186449315043,66.08833,2.033884008060678,1.820124777729891,11.423064859640878,-0.5000005271360658,-0.4998495549724604,1.0765651958997005,51.15268000000001,5.115248000000001,0.5115206,0.1616774,0.051110720000000005,2.235748,26.81058,3948.4109999999987
Cd,900,168164,1e-05,200000000.0,0.005146913,53331.29,33.549322754586925,4.864857,0.4559000859889263,0.6870700789261017,26.874760071764264,-0.49080979322284896,-0.8767558374436901,1.0784896223462435,53331.29000000003,5386.790000000002,1993.8890000000008,9.311892,0.05707127,0.7193783,62.31107000000001,1184.2069999999997
Cd,901,168164,1e-05,200000000.0,0.005371924,57958.8,41.707168530976126,5.0637145,0.4868050517177667,0.7044692115013061,28.532308805652296,-0.49080962470163125,-0.8803773018060467,1.1215543114607365,57958.799999999974,5854.199999999999,2166.928,10.117030000000002,0.06165622000000001,0.7199525,124.66970000000002,2629.1909999999993
Ce,900,101113,1e-05,200000000.0,0.000234679,3417.136,50.0156724543688,14.73149,0.9155759813555492,1.1682466752915035,-0.284743082241496,-0.5000011453558163,-0.04409536780960192,0.9618332083603751,4.543859,0.45438420000000007,0.04539645000000001,0.014217620000000002,0.004102776,0.06879279999999999,30.346239999999998,964.7336000000005
Ce,901,101113,1e-05,200000000.0,0.0002465647,7464.139,101.07144673836466,25.21747,1.0954038827362906,1.4017015128415267,1.0859917732403161,-0.4999940484024277,-0.03959263451672463,1.0930766536059722,4.550506999999999,0.4550528,0.04547244999999999,0.014241599999999998,0.004110392999999999,0.06879901000000001,59.27264,2096.5660000000007
Cl,900,46221,1e-05,200000000.0,0.2489402,6746.481,117.48584360219813,81.90787,1.8426626809147384,1.913325632326541,23.95274396364036,-0.5000103682603849,-0.5559457818030231,0.6447396203866405,6746.4810000000025,674.6413999999997,67.38948999999998,21.104350000000004,6.060583000000001,1.463424,23.59417,856.6388
Cl,901,46221,1e-05,200000000.0,0.4339069,11059.23,259.7920460530387,183.4629,2.183592381844443,2.2635482541233025,27.207161236257512,-0.5000103841835699,-0.5559682763270588,0.6884786658835282,11059.229999999996,1105.9120000000005,110.46869999999998,34.59517,9.933972,1.47879,51.40386999999999,1981.6710000000003
Co,900,28737,1e-05,200000000.0,0.1368612,3696.17,80.91316382041272,34.63647,1.5710242101528746,1.5395336241755666,23.766298279078164,-0.499989669947088,-0.3371016439926715,0.4890111978426457,3696.170000000001,369.62209999999993,37.00444999999999,11.828449999999998,4.184985,1.332541,139.84049199623485,652.3742999999997
Co,901,28737,1e-05,200000000.0,0.2288583,6180.71,250.95347389574067,99.94049,2.023223369496049,1.9997414744219018,27.896182375147326,-0.49998967084943396,-0.3371016465191608,0.6230319235106021,6180.710000000001,618.0796000000003,61.87859000000001,19.779449999999997,6.9981040000000005,1.373799,455.2477783474296,2473.5640000000003
Cr,900,153941,1e-05,200000000.0,0.01798768,1366.279,134.5338711163365,92.18124,1.9310676217328862,1.9646425458533257,12.049205135844531,-0.5000074248311412,-0.5008528954858626,0.6992833104149032,133.73970000000006,13.373789999999998,1.338468,0.4238726,0.1338284,1.951452,228.19279999999992,369.4027000000001
Cr,901,153941,1e-05,200000000.0,0.02370142,3694.43,351.3011175936943,239.0118,2.3341378694685133,2.378419342573167,14.78022559126003,-0.5000073068178335,-0.5008897956551763,0.7671561289446629,176.3734,17.6371,1.765115,0.5589654,0.1764665,1.955651,560.0333000000003,993.38
Cs,900,36458,1e-05,200000000.0,0.006227392,4185.437,23.788542259570054,3.2503525,0.49707826111434006,0.5119304625919235,18.393323145050193,-0.4998544940687136,-0.35951037748700015,0.7239752636784382,519.7024000000002,51.97867,5.283978,2.017955,0.7846933,1.499594,47.60856999999999,1679.553
Cs,901,36458,1e-05,200000000.0,0.007352978,13144.99,46.90668214548911,3.6683565,0.5535744366564931,0.5644715346468496,20.997693755302066,-0.49985449859810777,-0.35951037307245953,0.7553497452460836,613.6372999999999,61.373689999999996,6.239044,2.382695,0.9265247,1.507879,131.40869999999998,5250.718
Cu,900,61488,1e-05,200000000.0,0.01141316,1294.52,40.14011561529681,26.756825,1.4082006953533557,1.4274345781567592,11.45903118291449,-0.5000043080009868,-0.5208978003425712,0.5485386999547368,115.24620000000003,11.5246,1.151906,0.3627933,0.11010260000000001,2.941284,32.30392942180348,468.35540000000015
Cu,901,61488,1e-05,200000000.0,0.01515598,5025.694,136.388745802339,77.53101000000001,1.8456275452030766,1.8894754414832022,15.212290103905827,-0.5000043336952651,-0.5211304347953002,0.8275557781822793,153.53010000000003,15.352990000000002,1.534552,0.483286,0.1466052,2.955522,131.54785458787913,2233.3070000000007
Dy,900,213490,1e-05,200000000.0,0.01667482,3761.29,13.397877928006979,2.4788475,0.3443943725307612,0.39424980954205974,23.622170766262848,-0.5006862961345169,-0.6214853201241557,0.8524886180122134,3761.2899999999995,375.8011,34.56586,8.049027,1.857356,0.6220555,52.56560999999999,917.5023000000003
Dy,901,213490,1e-05,200000000.0,0.01677425,6965.995,19.10030046946939,2.487533,0.37649771588176856,0.3957688508673026,24.903066140740137,-0.5006807474368126,-0.6211900632632499,0.9243340103455425,3765.9749999999995,376.27180000000016,34.61647000000001,8.068494,1.862808,0.625358,98.53131,1978.8400000000008
Er,900,254597,1e-05,200000000.0,0.009037244,2990.811,15.657635018011396,8.854671,0.6506874769311867,0.9471724293839188,18.334793924385934,-0.4968894215635325,-0.5032161525165643,1.089928909226221,568.1347000000001,57.013940000000005,8.464839,1.975304,1.366838,0.3907875,50.532379999999996,745.1333000000002
Er,901,254597,1e-05,200000000.0,0.01018504,6390.678,21.057397747605982,9.206149,0.6985404060217221,0.9640779995992482,19.611142679974392,-0.4967772296826526,-0.501674135246419,1.1640030868054183,569.6163999999999,57.17007999999999,8.505421,1.987316,1.390419,0.3927408,92.31397000000001,1580.9149999999997
Eu,900,21049,1e-05,200000000.0,1.829762,209643.6,897.3989150182906,56.73561,1.8361950993453122,1.7538557285952794,37.17694912962397,-0.5044025157947009,-0.5360747735143746,0.45760976695026107,209643.59999999998,20901.39000000001,719.4708000000003,529.3701000000001,15.250779999999997,17.05347,64.24368999999999,1036.5189999999998
Eu,901,21049,1e-05,200000000.0,1.8924,216827.1,1011.4385865868211,58.88331,1.880192766013926,1.7699922149559868,38.84424021125862,-0.5044025261444673,-0.5360782114731576,0.5352047993966919,216827.0999999998,21617.57999999999,744.1217000000004,547.5092000000002,15.773330000000003,17.583699999999997,139.18479999999994,2575.478999999999
Fe,900,131567,1e-05,200000000.0,0.01813438,1370.88,114.50843970699803,65.44186,1.8166397061247228,1.8158556344324703,12.841562322385691,-0.5000007334510196,-0.5032801162452215,0.6515237402440719,172.21850000000003,17.22189,1.722049,0.544328,0.1710758,3.661049,36.07625000000001,653.3731
Fe,901,131567,1e-05,200000000.0,0.02802438,3308.274,330.07307025933017,186.7119,2.2487395474161875,2.2711719983970577,16.136394384913174,-0.500000712038867,-0.5032460808162444,0.7590118503819038,269.12130000000013,26.912190000000002,2.691002,0.8506126,0.2673538,3.661529,92.09724,1726.9020000000003
Ga,900,33473,1e-05,200000000.0,0.04955499,2307.373,45.28892122569414,18.4469,1.244212882327505,1.2659233934754885,12.870902626336806,-0.49999628019953335,0.19583627207070287,0.595268570414032,74.65392000000001,7.465447,0.7468571,0.23714569999999996,0.0783315,3.4664949999999997,108.71359999999994,909.7071999999998
Ga,901,33473,1e-05,200000000.0,0.06380784,6925.689,97.37457342187643,35.19759,1.4692410606441249,1.5465129280936727,15.74386240022383,-0.49999634364669976,0.19203492364224367,0.7623714027518971,96.41741999999998,9.641815,0.9645773,0.3062532,0.1010818,3.4676779999999994,297.8083,2718.772000000001
Gd,900,126901,1e-05,200000000.0,0.08117177,404289.9,404.01367201775713,2.850073,0.5593015600655376,0.4548559839001448,33.38370829174824,-0.4866980707881305,-0.8514748022658088,0.47924291955951936,404289.90000000026,41030.92999999998,1972.7260000000008,6.215226,5.605810999999999,1.124095,50.57085,1150.2940000000008
Gd,901,126901,1e-05,200000000.0,0.08206879,409685.3,418.9623143321968,2.871823,0.5674415966925704,0.4581576693821956,34.61776605401956,-0.48669869998206616,-0.8516324526550825,0.5193187870386644,409685.3000000004,41578.48,1998.9330000000002,6.2998389999999995,5.694690999999999,1.132738,91.25428,2344.213
Ge,900,115659,1e-05,200000000.0,0.0041483,1901.602,57.7100179319462,35.37228,1.3442202839155208,1.5486630541462627,9.90313380384985,-0.499991912452409,-0.24735784056005813,0.982129080903233,46.483059999999995,4.648367,0.4647548,0.1462652,0.044783840000000005,0.940647,88.07984,805.4589000000002
Ge,901,115659,1e-05,200000000.0,0.004738366,4379.393,111.37369510903675,64.69526,1.5558521300541759,1.8108724625658559,11.78814900795688,-0.49997682743929545,-0.2455575960749507,1.1372631014920727,52.06175,5.206335000000001,0.5207623,0.1638855,0.050171129999999994,0.9412665,186.2163,1848.0269999999994
Hf,900,123992,1e-05,200000000.0,0.002747989,2310.062,4.954030244147792,0.20903565000000002,-0.5854806631884105,-0.6797796407952101,14.752925314404845,-0.49928830118076045,-0.6038483123249835,0.2029347583207929,209.764,20.992830000000005,2.286443,26.710779999999993,0.5081506,0.1330478,32.406589999999994,604.2753999999999
Hf,901,123992,1e-05,200000000.0,0.002747989,4018.244,7.1483780375692225,0.20925385000000002,-0.5823129785212392,-0.6793265428604945,15.591437812048756,-0.49928830118076045,-0.6038483124423407,0.23441594783108963,209.764,20.992830000000005,2.286443,26.710779999999993,0.5081506,0.1330478,48.36264,1043.8920000000005
Hg,900,80146,1e-05,200000000.0,0.02641688,5320.111,48.47085303151898,14.59594,1.1395184313696436,1.1642320694080075,22.36103259358695,-0.5007370675679131,-0.6178677836281292,0.7218833690340825,5320.111000000002,531.5402999999999,48.60572,7.962270000000001,0.3153934,0.1536749,66.20849,795.358
Hg,901,80146,1e-05,200000000.0,0.02879247,13803.22,108.29169472992064,21.884415,1.3354937402068408,1.3401349416190602,24.685322464986857,-0.5007317037819754,-0.6178821548038678,0.9179161111477561,5616.963999999999,561.2039000000001,51.32336000000001,8.402858000000002,0.3317426,0.16132309999999997,189.26619999999997,2807.029000000001
Ho,900,36605,1e-05,200000000.0,0.008381834,3063.124,31.882630443287418,3.102146,0.5301960975485029,0.49166223367817763,21.86494365888079,-0.5000427299098682,-0.15242755312440748,0.07930872748811728,1278.8310000000001,127.87709999999998,12.73684,4.228169,1.997335,0.01997581,46.441110000000016,863.0896
Ho,901,36605,1e-05,200000000.0,0.008416862,6582.472,39.93635062477033,3.115127,0.5345797456065493,0.4934757570224362,23.118805704758365,-0.5000427310366143,-0.1524275520596778,0.12856757675850625,1284.1850000000004,128.4125,12.790159999999998,4.245869999999999,2.005697,0.02005935,85.65288,1842.8169999999993
In,900,49943,1e-05,200000000.0,0.006536256,11744.7,35.212005810208474,3.082241,0.15381368987742983,0.48886659313586,24.561466667749194,-0.4987865648108951,-1.1971945923868708,1.0194926823419013,3945.6500000000015,395.0939000000001,45.38541000000001,123.79859999999994,2.364344,4.944692,71.6382,1497.8500000000001
In,901,49943,1e-05,200000000.0,0.007821208,17032.23,75.02185030243848,3.272404,0.21859788247964457,0.5148669148463828,27.871406007229506,-0.4987866424133535,-1.1937585307375453,1.0701629597375228,4688.3409999999985,469.4625999999999,53.92785000000001,147.08530000000005,2.809975,5.025127,268.67259999999993,6451.045999999999
Ir,900,18498,1e-05,200000000.0,0.007758581,2177.848,14.676789738622011,0.70703275,-0.06998531763846685,-0.15056046908288234,16.098323171155904,-0.5004132081996474,-0.481299225439496,0.6619129441302527,455.15119999999985,45.49346999999999,4.515011,5.894551,2.229405,0.3248336,34.43578999999999,618.4065
Ir,901,18498,1e-05,200000000.0,0.007758581,4349.419,24.268707381069845,0.70703275,-0.0646092338638432,-0.15056046908288234,17.143544406321688,-0.5004132081996474,-0.481299225439496,0.7239390063047713,455.15119999999985,45.49346999999999,4.515011,5.894551,2.229405,0.3248336,56.227579999999996,1225.3010000000004
Kr,900,102172,1e-05,200000000.0,0.003366818,1757.586,75.51891652753861,15.210075,1.235275953047538,1.1821313550321786,15.911732122485546,-0.5001431696855297,-0.36973229298881016,0.8331490781524963,444.6869999999998,44.46130000000001,4.37021,1.194583,0.18218320000000002,0.5817558,61.04791999999998,641.2926999999999
Kr,901,102172,1e-05,200000000.0,0.003589147,4073.733,157.59607197713967,21.23225,1.4101486939779355,1.3269960177929492,17.6500048003878,-0.5001438624562774,-0.37376339788737933,0.9656153808747872,484.80619999999993,48.47249999999999,4.764082000000001,1.30121,0.19654320000000003,0.582269,127.25119999999995,1478.497
La,900,39080,1e-05,200000000.0,0.0001058533,3408.001,21.354287796197358,3.910526,0.08464347710798548,0.5922351777357079,7.24660712145706,-0.5000292672120678,-0.30965282536659505,1.8032375096988909,52.78365,5.278188,0.5259871,0.16396259999999996,0.03643281999999999,0.0016054759999999996,34.97375999999999,1245.1239999999996
La,901,39080,1e-05,200000000.0,0.000109394,7201.641,36.99709942750488,4.873379,0.15788650796531015,0.6878301875116023,8.53346672270414,-0.5000285936276923,-0.30896344764285766,1.8909958816580696,52.81587,5.281414,0.5263228,0.1640944,0.036449869999999995,0.0016603949999999994,66.08684000000001,2619.663000000001
Li,900,1032,1e-05,200000000.0,2.0,162960.2,9903.386352858528,136.46065,2.6036351680243133,2.1350042355657717,34.25988350083826,-0.500000591767402,-0.49989830013424985,0.13405539660531476,162960.19999999992,16296.009999999991,1629.3840000000005,515.2294,162.89130000000006,18.291359999999997,35.704950000000004,113.51010000000002
Li,901,1032,1e-05,200000000.0,2.0,456908.4,27772.634021812013,394.8856,3.056347994475731,2.5964711692506484,40.22175081635191,-0.5000005874856182,-0.5000451097121225,0.14170682313150426,456908.39999999956,45690.81999999997,4568.474000000002,1444.602,456.7150999999998,49.217119999999994,101.83549999999998,330.11449999999996
Lu,900,79623,1e-05,200000000.0,0.01242729,2716.936,5.552240532294059,0.2915469,-0.4345509330028866,-0.5352915720445197,12.447125033618965,-0.4918534530109551,-0.3999016274856351,0.529137924784208,79.41002,8.013026,4.27963,0.15920600000000001,0.2772968,0.019528660000000003,42.29783,662.3202
Lu,901,79623,1e-05,200000000.0,0.01286853,5424.819,9.29743761658905,0.294374,-0.42712594682690946,-0.5311005508398763,13.609042161128142,-0.491262482819911,-0.3953773957126497,0.5526058552317624,79.52063,8.029798,4.295326,0.1695632,0.291788,0.020165710000000003,71.88252,1312.885
Mg,900,6010,1e-05,200000000.0,0.006229966,2768.849,766.0220067498088,690.63275,2.535369549094563,2.839247167601907,9.445030433137804,-0.5000005389177669,-0.4770892156575652,0.47686027551289695,20.769689999999997,2.076968,0.2109798,0.07618682,0.02409367,3.940032,338.34820000000013,1244.011
Mg,901,6010,1e-05,200000000.0,0.01133811,6172.442,1700.7842515278037,1537.0735,2.868888729454986,3.1866946241168246,12.837938650675255,-0.5000005465518417,-0.46442707456253673,0.4958988624535233,34.814930000000004,3.4814919999999994,0.3567936,0.13864699999999996,0.04384650999999999,4.757966000000001,741.3392,2791.4119999999984
Mn,900,20209,1e-05,200000000.0,0.01877991,1511.587,73.65933793175714,40.5924,1.5446093265205518,1.6084447294632105,18.423177263227842,-0.4999968267146135,-0.47028339801868263,0.4388853586181951,459.78789999999987,45.97895,4.59986,1.460068,0.4869097,20.086499999999997,40.57685000000001,885.5553999999996
Mn,901,20209,1e-05,200000000.0,0.03089242,4615.33,188.12485931813796,101.4919,1.9209308345931482,2.0064313828829685,21.74670823066345,-0.49999679456286505,-0.47012235605482816,0.5902970965081985,673.8081000000001,67.38105000000002,6.741006999999999,2.139764,0.7137867,20.19505,111.68670000000003,2694.3080000000004
Mo,900,138390,1e-05,200000000.0,0.0006654579,1206.545,12.109621427921631,7.161531,0.4288187111642469,0.8550058761870011,5.881307033780947,-0.5000213720253455,-0.18641713820789552,1.3250173352544927,24.166079999999997,2.41656,0.24106449999999996,0.0746921,0.024788920000000002,0.0019429740000000005,46.97974,602.6657999999999
Mo,901,138390,1e-05,200000000.0,0.0006690896,2605.465,18.7192013609224,8.3915535,0.495689640459583,0.9238423677269141,7.1415035100938535,-0.5000213664965071,-0.18664155353306688,1.417014490933969,24.31097,2.431048,0.24250950000000002,0.07513917,0.024922610000000008,0.001953296,86.71468000000002,1294.5499999999997
Na,900,8100,1e-05,200000000.0,0.03985011,1473.681,510.0187572360247,554.12805,2.485354148658293,2.743610127164638,15.232254062385572,-0.499999961929358,-0.4967582445707071,0.5098680768231907,134.54760000000002,13.454770000000002,1.34555,0.4258314,0.1354615,4.543908,142.52369999999996,921.8276999999997
Na,901,8100,1e-05,200000000.0,0.08329088,4546.547,1563.811508428937,1687.8345,2.953145277833707,3.227329850637646,19.913176594033153,-0.49999996027403043,-0.4967582522406504,0.554329908881028,281.2185,28.121859999999995,2.812339,0.8900319,0.2831286,6.217302,428.1943000000001,2863.6740000000004
Nb,900,41104,1e-05,200000000.0,0.003195557,1292.304,9.713267724331889,3.1666755,0.18412863947969743,0.5006035620204754,1.598048679960856,-0.49959226637466764,-0.05795069110428615,1.3404713408515896,6.557113,0.6560085,0.06626996,0.020754970000000005,0.005993667000000003,0.040030569999999994,55.057950000000005,501.6895999999999
Nb,901,41104,1e-05,200000000.0,0.00392935,2048.773,12.231835526337557,3.178773,0.19873374362090757,0.5022595151278675,2.5489260310075057,-0.4993483989401054,-0.03811457279815283,1.3390636713363846,6.561931,0.6566677,0.06677112,0.020913180000000003,0.006043507000000003,0.041543449999999996,79.85152000000001,792.1311
Nd,900,193190,1e-05,200000000.0,0.2994618,3672.231,26.01190477089912,12.028015,0.9762398199671626,1.0801939610324636,19.086158491992954,-0.48998843989135865,-0.02854409711398474,0.7628175840538934,404.3813000000002,40.93618,5.240843,1.421519,0.5075624,0.3024184,55.576060000000005,1129.1660000000002
Nd,901,193190,1e-05,200000000.0,0.5434852,8015.394,39.5112142274714,13.327594999999999,1.075051102536667,1.1247517868694201,21.502757616074252,-0.47929543430160243,0.049611705058388855,0.7509993685500972,416.69649999999984,42.76861,6.899022000000001,1.943076,0.9998419,0.641561,108.42309999999998,2453.2010000000005
Ne,900,7601,1e-05,200000000.0,0.0003296573,1042.561,151.08545996500033,79.66958,1.5898349006495354,1.9012925276693553,-2.194805116441695,-0.5000013816809205,-0.4997502643533034,0.6729605112127789,1.448568,0.14485670000000003,0.014485560000000001,0.004581718000000001,0.001449311,2.204284,59.56157,468.1481
Ne,901,7601,1e-05,200000000.0,0.0004383254,2394.61,344.910833808636,179.4103,1.8934383946758349,2.253847372402367,0.3459877720277351,-0.5000013451313073,-0.4995764072858179,0.7443403131717469,1.910085,0.19100829999999996,0.01910076,0.006041677999999998,0.0019117610000000008,2.308852,132.46250000000003,1080.9109999999998
Ni,900,152838,1e-05,200000000.0,0.05180772,861.8347,92.55169910302897,76.40513,1.8289636219604466,1.8831225189922316,16.07137880964146,-0.5000006277316092,-0.5020510806940849,0.4142124153362789,409.6628999999999,40.966390000000004,4.096347,1.294951,0.4075222,6.629616999999999,34.68963999999999,563.6179999999998
Ni,901,152838,1e-05,200000000.0,0.1345634,3787.651,383.4794674852511,314.40435,2.4197918093895603,2.4974885461569256,21.986726617600738,-0.5000005788807392,-0.5019157819437762,0.53637538553979,1067.2850000000003,106.72880000000004,10.672159999999998,3.373862,1.062153,6.687244999999999,135.43619999999999,2472.638000000001
Os,900,128618,1e-05,200000000.0,0.004768337,2246.749,7.709743136347907,0.051705745,-0.7361470541080825,-1.2864612000020768,3.0553059372337774,-0.4992601553305207,-0.042779519285383,1.199148833952591,6.697561,0.6704104,0.06501026000000001,0.015163479999999998,0.280162,0.03158190999999999,39.97334,520.2510999999998
Os,901,128618,1e-05,200000000.0,0.006214836,3626.564,10.434237071656122,0.052885680000000004,-0.7257044190262943,-1.2766619071970364,3.9692669765970807,-0.4984294121593551,-0.047363640232898255,1.2112337966563962,6.71189,0.6725898,0.06706088000000002,0.016034310000000003,0.2905252,0.03196988,55.85258000000002,834.3288000000002
Pb,900,138857,1e-05,200000000.0,0.0007393932,3806.503,101.38505290611832,83.31241,1.8227749650624196,1.9207096976023517,1.9463570897066553,-0.5000002608332343,-0.5003159672915602,0.6527182646722336,8.185071,0.8185066,0.08185068999999999,0.025885240000000004,0.008181386000000002,0.0007852204000000003,49.36941999999999,817.8249
Pb,901,138857,1e-05,200000000.0,0.001008935,11523.49,280.8236977541894,227.9528,2.2114969316245916,2.3578449311160945,4.855272580128233,-0.500000181931453,-0.500310460681963,0.7952750896077116,11.17486,1.117485,0.1117486,0.03534043,0.011169889999999998,0.0010718759999999996,120.55230000000003,2452.147
Pd,900,139618,1e-05,200000000.0,0.00321662,655.7841,6.328994207688221,4.1565069999999995,0.31187857610110054,0.6187285162363269,10.03816510924145,-0.5000302694246616,-0.01938970814122459,0.9997955374243608,79.06675000000001,7.90642,0.7874857,0.2416388,0.1452926,0.06524603,24.3229,284.85800000000006
Pd,901,139618,1e-05,200000000.0,0.003920079,4303.368,16.126197952726965,4.244897999999999,0.3612415844524857,0.6278672591043237,13.2477811282043,-0.5000135139692475,-0.020912703179489536,1.1087435578697338,83.46786,8.346779,0.8316751,0.2552146,0.1538294,0.06775699000000002,102.2773,1832.6849999999997
Pr,900,34645,1e-05,200000000.0,0.005846885,3759.67,20.714942422944464,3.93444,0.5875714032094553,0.5948829267288656,11.019041130331457,-0.5000592211617811,-0.15301833789759045,0.8661057091328154,101.49579999999996,10.148929999999998,1.008293,0.3010828,0.06053914999999999,0.2306683,41.5167,1292.0749999999994
Pr,901,34645,1e-05,200000000.0,0.005906718,8197.292,32.53004528485372,4.460584,0.6293487113930165,0.6493917222488327,12.371918031185126,-0.5000592200622633,-0.1530183382995542,0.9403664672895723,102.5344,10.252779999999998,1.018611,0.3041639,0.06115865000000001,0.2307992,80.83459,2804.7619999999993
Pt,900,330550,1e-05,200000000.0,0.0009669099,692.7205,11.124913035815252,12.49698,0.6068756504983871,1.0968050747836244,5.617810780562561,-0.499971824936488,-0.26762823540070213,1.307067954800619,33.32875,3.3329950000000004,0.3333056,0.10552980000000002,0.3373628,0.0009881156999999997,18.804639999999996,144.30919999999998
Pt,901,330550,1e-05,200000000.0,0.001023234,6195.158,21.64210679402827,15.339395,0.7426251684780809,1.1858082309720335,9.048554963520207,-0.4997355076325274,-0.267135764456466,1.5207899052657259,33.353959999999994,3.3365359999999997,0.3361652,0.1064325,0.3379589,0.0010445399999999996,94.15823999999999,1271.9199999999998
Rb,900,70982,1e-05,200000000.0,0.005364247,2908.326,43.656334930932395,26.798845,1.3354350149722585,1.428116076828775,7.201150608346984,-0.49999896635086044,-0.4926187080252483,0.7698256385140518,14.378380000000002,1.437844,0.1437988,0.045528880000000015,0.014554449999999998,2.450574,115.50099999999996,1049.814
Rb,901,70982,1e-05,200000000.0,0.007644469,9342.073,102.14416356378622,57.21237,1.6198770844930905,1.7574899385519522,10.58358185912081,-0.49999898852330077,-0.492795328916122,0.9587721203525061,20.60155,2.060164,0.2060363,0.06523241000000002,0.02084719,2.519725,338.39320000000015,3356.679
Re,900,141913,1e-05,200000000.0,0.0004960243,3633.642,3.1172550525473772,0.06388761,-1.1871164853549485,-1.194583358279291,9.38600776318908,-0.4999938551959413,-0.2196762073713454,-0.23607707388460158,43.98912,4.398945,0.4376162,0.1826273,0.03772617,0.3172498,43.50156,769.0980999999998
Re,901,141913,1e-05,200000000.0,0.0005333056,4177.377,3.5358784656221993,0.06398637,-1.1854588719440093,-1.193912527019317,9.614614952006534,-0.49997947153539624,-0.22030375851106027,-0.23187903049225017,43.99047,4.399151999999999,0.4378115,0.1828366,0.038833080000000006,0.3173032,48.39294000000001,882.7934999999999
Rh,900,40228,1e-05,200000000.0,0.001327225,1619.589,10.678023461925399,2.1396305,0.02515237350039204,0.33033877879458334,16.540932975088126,-0.49859115137480065,-0.9405747124392752,1.0281635640859705,1108.9260000000004,111.0651,13.057609999999997,76.39139,0.029358109999999993,0.3525315,40.44093000000001,515.4002999999998
Rh,901,40228,1e-05,200000000.0,0.001347963,3823.353,17.039658637164415,2.147076,0.031036120130635197,0.33184741693008674,17.986436184365303,-0.49859115676496213,-0.9405747100602858,1.0628952673968062,1126.2550000000006,112.80079999999994,13.261659999999997,77.58518999999998,0.029816900000000004,0.3580407,80.77165999999998,1207.3210000000006
Ru,900,163170,1e-05,200000000.0,0.05922923,1348.045,9.38633743504155,4.150414,0.4421439070964788,0.6180914193491128,9.312505958211332,-0.4947201647820578,0.06843386086250478,0.9488940643809305,26.517899999999997,2.670016,0.31306030000000007,0.1048916,53.527840000000005,0.09842087000000001,45.94178,549.2896000000001
Ru,901,163170,1e-05,200000000.0,0.08193923,2879.334,13.757739289007416,4.258516500000001,0.5113427717366242,0.6292583342932017,11.235117926681932,-0.4892596722312834,0.12678082930533624,0.9275139991255449,27.153129999999994,2.754016,0.3717563,0.1235411,54.6352,0.16700260000000003,84.09590999999999,1164.3930000000003
Sb,900,51231,1e-05,200000000.0,0.003485127,3549.592,40.708531212177604,2.171093,0.12233607375848778,0.3366784271033162,12.990087076056236,-0.4998439112217716,-0.3436588267258465,0.8757236282026618,71.2602,7.127262999999999,0.725288,0.2759945,0.2400763,1.754961,57.143550000000005,1413.529
Sb,901,51231,1e-05,200000000.0,0.003747609,8826.451,93.86161377893691,2.196961,0.15043955252262994,0.3418223474825819,14.855392770563142,-0.4998431019027809,-0.3439154453570359,0.9432997962278028,76.72988000000001,7.674334,0.7810294,0.2974546,0.2589936,1.756193,127.20919999999994,3499.011000000001
Sc,900,24131,1e-05,200000000.0,0.06312074,1800.457,134.89771981344785,75.09552,1.766835709321245,1.8756140289174357,20.699837957662965,-0.5000049005921126,-0.5252303980437721,0.7890830937110991,1369.3440000000003,136.93399999999997,13.685690000000003,4.306626,1.295599,0.50142,301.2069999999999,1113.041
Sc,901,24131,1e-05,200000000.0,0.08131812,3404.328,235.74606378317102,128.7075,1.991603731788178,2.1096038547032285,22.76368300318711,-0.5000048943150082,-0.5252240727953339,0.871470108411334,1768.477000000001,176.84720000000007,17.674759999999996,5.561917,1.673255,0.5082193,547.3781,2102.2869999999994
Se,900,98707,1e-05,200000000.0,0.03092728,2274.692,82.38675869000242,43.10037,1.4957245294161587,1.6344809984268238,17.11742175325461,-0.4997958829186585,-0.3575957190680784,0.7891775016010639,390.8590000000001,39.09491,3.9158860000000004,1.182382,0.2650822,14.35692,189.19760000000008,926.1893000000005
Se,901,98707,1e-05,200000000.0,0.04861934,6538.237,195.40351564104026,90.34502,1.7704929171536221,1.955904218367594,19.999035286916534,-0.4994790900065516,-0.3417122449391336,0.9611129946850081,497.53820000000024,49.782920000000004,5.029946999999999,1.520142,0.3445049,14.669849999999997,494.86980000000017,2650.849999999999
Si,900,18258,1e-05,200000000.0,0.007057057,1785.979,430.86646913641414,404.38120000000004,2.3497179359032923,2.606790956658988,8.113091150168266,-0.5000005255370643,-0.499965266072854,0.765129600880768,35.67277000000001,3.567277,0.3567237,0.11282700000000001,0.03567870000000001,1.455044,26.599120000000003,895.8048999999997
Si,901,18258,1e-05,200000000.0,0.01028073,3562.401,856.920833035213,803.97155,2.632709470059256,2.9052406806071582,10.685109400023173,-0.5000005191258494,-0.4999658668313588,0.8076793222350983,51.97008000000002,5.197008,0.519695,0.1643726,0.05197865999999999,1.47351,51.30870999999999,1792.8619999999999
Sm,900,189946,1e-05,200000000.0,1.17439,22184.27,34.41990916248302,13.704540000000001,1.024717101943838,1.136864462799942,30.476232391703096,-0.48314807131468934,-0.416725600834076,0.6073721070124014,22184.26999999998,2257.699000000001,2100.8669999999993,22.384239999999995,28.51634,1.601512,60.62253,1132.3850000000002
Sm,901,189946,1e-05,200000000.0,2.0,22485.18,44.63577659022039,15.292035,1.1475552156109872,1.1844652833496794,32.65407695554555,-0.48314151909142344,-0.35724142965366784,0.519377577888325,22485.18000000001,2288.338999999999,2129.5779999999995,22.692830000000004,58.19316,2.492916,125.17469999999994,2647.163000000001
Sn,900,311235,1e-05,200000000.0,0.001548963,6749.89,127.97853037272192,54.69335,1.566577157738511,1.7379345249829243,9.21745881961845,-0.5001370626554907,0.057187454643115185,0.9333851015190425,25.540989999999994,2.553719,0.2515875000000001,0.07557767999999998,0.011675409999999999,2.264505,104.7473,2666.3319999999985
Sn,901,311235,1e-05,200000000.0,0.001758078,9665.037,179.25861768366764,73.91645,1.6776457220095369,1.8687411007657162,10.216810044001926,-0.5001371697033735,0.05128462075023443,0.9798795361396072,28.212060000000008,2.820786,0.2778953,0.08353768999999998,0.012863419999999997,2.270162,145.60769999999997,3813.2829999999985
Sr,900,155579,1e-05,200000000.0,0.001765038,2793.56,254.61605710512958,51.07927,1.782401290347566,1.7082446819109307,8.60664519888198,-0.49958381057889495,-0.6364716797607456,0.9173521532152192,31.99909,3.2013839999999996,0.3354445,0.17942559999999996,0.013046280000000002,2.676969,85.07430000000001,989.6674999999999
Sr,901,155579,1e-05,200000000.0,0.002065195,7294.161,639.9829516053074,116.3758,2.0894025023968825,2.0658626794621493,10.93066673188991,-0.4995827661110363,-0.6375414366297626,1.0365174982419774,38.061339999999994,3.8078939999999997,0.3990402,0.2136485,0.015459259999999999,2.677118,203.4276999999999,2573.2399999999993
Ta,900,60073,1e-05,200000000.0,0.001282401,2000.076,3.716519649375276,0.1754316,-0.7498509631480575,-0.755892175681793,8.74890242289621,-0.4998070685499775,-0.26100623850722354,-0.23281179696945703,43.82876999999999,4.383813,0.4481085,0.1859084,2.595252,0.025908010000000002,25.315909769355855,563.6334999999999
Ta,901,60073,1e-05,200000000.0,0.001282401,2774.823,4.54621336567045,0.1754316,-0.7494074943559007,-0.755892175681793,9.224573899952157,-0.4998070685499775,-0.26100623850722354,-0.22278949798956874,43.82876999999999,4.383813,0.4481085,0.1859084,2.595252,0.025908010000000002,31.40968418077951,778.4376000000001
Tb,900,36427,1e-05,200000000.0,0.01565797,3205.839,17.903609977614405,1.197998,0.1284873127689406,0.07845609302016329,16.09710412746167,-0.49990870933800574,-0.11560921914140435,0.37609024689110926,182.74160000000006,18.276000000000003,1.847138,0.6911701,3.775228,4.466922,44.69024999999999,1017.0709999999999
Tb,901,36427,1e-05,200000000.0,0.01575763,6593.83,29.409528330875723,1.205595,0.1353498803880732,0.08120143814788891,17.29378941798302,-0.49990869625244927,-0.11561143168629816,0.4332050657953179,183.90339999999992,18.39219,1.858881,0.6955641,3.799223,4.495145,79.75904000000001,2081.1239999999993
Te,900,407723,1e-05,200000000.0,0.00371875,3669.197,24.812947124474352,9.101697,0.9821488669727703,0.9591223735326724,12.803793225447876,-0.4994038880686583,-0.3906707355940839,0.8805731777624058,106.65750000000001,10.673750000000002,1.151496,0.9420747,0.02349133,8.852182,50.12281999999999,1139.9440000000002
Te,901,407723,1e-05,200000000.0,0.007138893,9754.264,54.13043043265568,15.14034,1.1921326470815146,1.180135628034983,15.117273886770793,-0.49938871542796487,-0.3617993571662166,1.0541984432992928,117.85310000000005,11.794359999999998,1.273218,1.043696,0.02937342,9.53289,118.42099999999998,3014.176999999999
Ti,900,76401,1e-05,200000000.0,0.0466722,3288.249,328.58452946052523,226.8364,2.325202907735532,2.355712746211646,18.008941447093413,-0.5000017272398034,-0.5026357053718205,0.39066878101189284,304.4621999999998,30.446270000000002,3.044423,0.9624478,0.3028926,3.045442,322.91589999999997,1936.1910000000003
Ti,901,76401,1e-05,200000000.0,0.0493928,3944.216,390.39699809757843,269.4184,2.3970659898087456,2.4304272526549195,18.550598839089396,-0.5000017476128219,-0.5026363018689711,0.40515110864110837,322.3773,32.23778000000001,3.223563,1.01908,0.3207144,3.046825,383.9647,2321.851
Tl,900,71483,1e-05,200000000.0,0.003375824,3313.097,42.86720428823915,37.11092,1.425551276689978,1.5695017208799273,7.9893088139142305,-0.4999940091666679,-0.31237909163477906,0.7629369487685652,33.97419000000001,3.397443,0.3399648,0.1081546,0.03633859,0.021024729999999995,63.39650999999999,799.6062999999998
Tl,901,71483,1e-05,200000000.0,0.00343471,10491.97,101.46256226427904,84.18009,1.7155796161568617,1.9252093857322992,9.949864815613054,-0.4999939891997445,-0.31309882683690016,0.9910702127509392,34.57406,3.4574300000000004,0.3459678,0.1100645,0.036980950000000005,0.021401619999999996,160.94380000000007,2509.3000000000006
Tm,900,86709,1e-05,200000000.0,0.004409923,2962.801,12.28829277610618,3.924318,0.4019312307665551,0.5937641924004501,16.371797768966708,-0.4996602172786115,-0.392951939578383,1.173809221666294,392.70569999999987,39.28626,4.080355,1.978633,0.22684569999999998,0.14657509999999999,41.28665,706.7262
Tm,901,86709,1e-05,200000000.0,0.00459623,6651.96,15.95841680616357,3.928829,0.40432724637028844,0.5942631268081058,17.677122648934372,-0.4996313465439693,-0.3926273110724258,1.1951636515249966,393.2253000000002,39.339569999999995,4.089113,1.982266,0.2298251,0.1469121,78.00817000000002,1574.249
Unknown,900,339645,1e-05,200000000.0,5.184922e-05,2855754.0,505.3744649971547,6.615262,0.4736264690877752,0.8205470492644081,2.7862907340703966,-0.6520463722968906,-0.08665967347011154,1.1894448002229971,2.569653,0.2570012,0.02605824,0.00975924,0.005907167999999998,0.1820154,20.612599999999997,172.63750000000007
Unknown,901,339645,1e-05,200000000.0,8.512276e-05,4813999.0,931.7563468576641,8.236132,0.6604885166956588,0.9157232984137235,5.5991739855067,-0.6546889934901762,-0.12272088798567013,1.3312076101655248,2.569763,0.2570182,0.026074780000000002,0.009764464000000004,0.005923211000000002,0.1820182,45.61381000000001,942.3195000000004
Xe,900,133537,1e-05,200000000.0,0.003526174,2126.964,14.615118947177143,5.729216,0.39405844978776833,0.7580951961088769,14.99880142400676,-0.49996538277930863,-0.4286013074058958,1.0381078617436506,296.5145,29.65282,2.977522,0.999132,40.72878000000001,0.8570369,30.275069999999996,802.3655999999997
Xe,901,133537,1e-05,200000000.0,0.003668768,4936.984,25.12787794095441,5.796096,0.44229605893558294,0.7631355700229101,16.461112466430937,-0.4999572569120413,-0.42767528146312617,1.1303544518014792,302.7566000000001,30.27737000000001,3.041007,1.020537,41.804260000000006,0.857548,59.52245,1849.8289999999993
Yb,900,270481,1e-05,200000000.0,0.01200658,3407.925,18.569765905930065,7.208093,0.5685286426613055,0.857820381345904,16.288618504944036,-0.49987255341040915,-0.2656295837103395,1.1137280683371158,260.33390000000014,26.03733,2.652496,0.8256292,0.3211011,0.20221969999999997,52.98163,862.8075999999999
Yb,901,270481,1e-05,200000000.0,0.01964988,8942.449,28.626475686615958,7.580152,0.6455492462562766,0.8796779143522895,18.10893225488677,-0.49982944729365997,-0.24370881974908318,1.190807281642282,261.4715000000001,26.15245,2.667746,0.830533,0.4766531,0.21076029999999998,116.39359999999995,2246.7809999999995
Zn,900,348239,1e-05,200000000.0,0.01344496,1870.111,133.01419447040735,90.39759,1.8853259900022843,1.9561568523376076,9.198549798261228,-0.49974359981643596,-0.4890934278888356,0.8190529818820298,33.42393,3.3433190000000006,0.3366155,0.10658899999999999,0.0341166,2.043998,120.56319999999998,900.8638000000004
Zn,901,348239,1e-05,200000000.0,0.01682087,5076.341,340.5784362712166,225.5544,2.2652159416769866,2.353251303511237,11.87197503080952,-0.49942947612482375,-0.4888862121782341,0.925845222372125,40.834830000000004,4.08598,0.4147401,0.1313206,0.04201996,2.409562,299.1286,2437.08
Zr,900,55990,1e-05,200000000.0,0.0003216981,3219.789,49.89402178714257,29.44061,1.2898654459110581,1.4689468034512942,0.9807572366531581,-0.5000025661450854,-0.5095470536725977,1.1678223669172634,3.4855000000000005,0.3485501,0.03484467,0.01099264,0.003393127999999999,0.441418,116.76139349763359,1192.5920000000003
Zr,901,55990,1e-05,200000000.0,0.0003282411,4583.703,65.09338502276069,36.755089999999996,1.3705825194371626,1.5653174904710854,1.6740579291940456,-0.5000025725631598,-0.5095887517967462,1.2380623419784944,3.5584849999999997,0.3558486,0.03557427,0.01122269,0.0034637789999999993,0.4414221,160.13409471740735,1694.7769999999994
