element,log10_xs_mean,log10_xs_median,auc_log10xs_over_log10E,slope_low,slope_mid,slope_high,Z,atomic_mass,peak_xs_barn,energy_at_peak_eV,std_log10_xs,log10_energy_at_peak,peak_to_mean_ratio,peak_to_median_ratio,xs_dynamic_range_log10,peak_width_log10E_halfmax,energy_span_log10,curve_center_log10E,weighted_center_log10E
Ag,0.3787965656503717,0.7008892475626443,17.20995741005613,-0.4998017139913383,-0.5515915812945241,1.0328438000357154,47.0,107.87,2312.869,5.19,0.8019712950989002,0.7151673578484579,256.5818704006101,460.53409449547956,5.744647719538663,7.595018152673531,13.301029995663981,3.2107040939297318,3.505804684395392
Al,2.356446071922004,2.6302802160756564,10.61790674266742,-0.5000007343335194,-0.5010943190733818,0.6458917572235309,13.0,26.982,1153.011,20000000.0,0.7678300885333049,7.301029995663981,2.7178589985268755,2.701178163959013,4.9134313331342385,3.018152410640158,13.301029995663981,5.167464516166009,5.927357273234292
Ar,1.8002954576519443,1.906336173340108,3.8223929081751824,-0.5000019157080641,-0.5113091965421731,1.091289684079515,18.0,39.948,1487.628,1368457.0,0.7684510775137132,6.136231155450111,9.206951449750743,18.45687498829097,5.976176918749265,2.720163337791856,13.301029995663981,5.397403124606108,5.88135725240691
As,1.1889715983457323,1.1980805771126155,13.165264083367658,-0.4999854875382232,0.2396942731331264,0.5898677266581358,33.0,74.922,2167.348,51000000.0,0.5553500177598233,7.707570176097937,61.45758316270587,137.35613826950183,4.979780747701695,1.1706962271689747,13.301029995663981,3.8580480071030503,4.326991760242232
Au,0.5982091141140329,0.5434223270397235,21.36529320165325,-0.4996719897822272,-0.4473256019212612,0.1822212572625336,79.0,196.97,18314.56,4.8997,0.9122536049862906,0.6901694897564418,279.3203727067932,5240.517340048072,5.385026858124122,0.015306070962388785,13.301029995663981,2.798149223281172,0.895067199623196
Ba,0.6599923254930794,0.7068532115181023,7.088731313885091,-0.5000269520806039,0.0126801307133706,0.8628648523347118,56.0,137.33,3711.848,200000000.0,0.9492185883697866,8.301029995663981,55.58852923635335,729.0158521286337,6.2510377076962165,1.129943610777783,13.301029995663981,3.7460959033933463,6.5909741124998105
Be,1.244340978798793,2.1262659327794253,2.878905473129389,-0.499999416795263,-0.436715682113713,0.1788966417885578,4.0,9.0122,539.3042,620500.0,1.5096569208426476,5.792741785834749,3.980643751130705,4.032425141260892,5.578436671236762,0.6855140214868989,13.301029995663981,3.4652242694990565,6.030125230907641
Bi,1.397764655123474,1.5104102775952075,-10.789249246983164,-0.5000013243080148,-0.5008989152121853,0.7404851133143161,83.0,208.98,5321.384,200000000.0,0.8872569771137797,8.301029995663981,79.2995147872793,164.29120761223774,8.112659600845463,0.48811663902112556,13.301029995663981,4.503858110028617,5.743856341762395
Br,1.0973025366604567,1.0840963229517584,16.789549106595068,-0.4999787510636301,0.1578119600413116,0.5028346931687068,35.0,79.904,2621.519,51000000.0,0.5079406733213822,7.707570176097937,94.08847662524117,216.001460048877,4.856613197594496,1.1706962271689747,13.301029995663981,3.597986855595753,4.247781893396013
Ca,1.6768379921593242,1.450084291554048,8.27760980736359,-0.5000005511087219,-0.4999645465988351,1.0308183894795433,20.0,40.078,2328.067,884809.5,0.8238635516946552,5.946849776907537,10.207868431167565,82.58690354141466,5.511247239272589,2.879098079009787,13.301029995663981,5.199724414070319,5.992184356402187
Cd,0.4559000859889263,0.6870700789261017,26.874760071764264,-0.4908097932228489,-0.8767558374436901,1.0784896223462437,48.0,112.41,53331.29,1e-05,0.7562130430542656,-5.0,1589.6383479964122,10962.560667250857,7.015435261423532,0.598653742636051,13.301029995663981,3.2619535574981846,-0.9164915484608476
Ce,0.9155759813555492,1.1682466752915035,-0.284743082241496,-0.5000011453558163,-0.0440953678096019,0.9618332083603752,58.0,140.12,3417.136,200000000.0,1.159262656423687,8.301029995663981,68.32130474937797,231.96132909841432,7.163188034848513,0.9811743061248688,13.301029995663981,4.413946016526241,5.57216345992015
Cl,1.8426626809147384,1.913325632326541,23.95274396364036,-0.5000103682603849,-0.5559457818030231,0.6447396203866405,17.0,35.45,6746.481,1e-05,0.4848206375103532,-5.0,57.42377799016608,82.36670053805574,4.432982267475033,0.598653742636051,13.301029995663981,5.30934541734962,4.959062737249465
Co,1.5710242101528746,1.5395336241755666,23.766298279078164,-0.499989669947088,-0.3371016439926715,0.4890111978426457,27.0,58.933,3696.17,1e-05,0.5518870106458468,-5.0,45.68070046307512,106.71324185172449,4.4314715941806195,0.598653742636051,13.301029995663981,4.731511845360991,4.426137920654423
Cr,1.9310676217328864,1.9646425458533257,12.049205135844533,-0.5000074248311412,-0.5008528954858626,0.6992833104149032,24.0,51.996,1366.279,32000000.0,0.4582396209425837,7.505149978319906,10.155650682336548,14.821660025402132,4.880564240301681,2.9300138822007176,13.301029995663981,5.4481826673681155,5.720952328183727
Cs,0.49707826111434,0.5119304625919235,18.3933231450502,-0.4998544940687136,-0.3595103774870001,0.7239752636784382,55.0,132.91,4185.437,200000000.0,0.7853185725001338,8.301029995663981,175.9433997396882,1287.6871047063357,5.8274346048098415,7.532793450967358,13.301029995663981,2.9983875042094716,4.250834310232184
Cu,1.4082006953533557,1.4274345781567592,11.45903118291449,-0.5000043080009868,-0.5208978003425712,0.5485386999547368,29.0,63.546,1294.52,48000000.0,0.4818277059083173,7.681241237375588,32.25003167421564,48.380927109251566,5.054702858918814,1.1706962271689747,13.301029995663981,4.431687869560301,4.749436320392295
Dy,0.3443943725307612,0.3942498095420597,23.622170766262848,-0.5006862961345169,-0.6214853201241557,0.8524886180122134,66.0,162.5,3761.29,1e-05,0.8594919630661263,-5.0,280.73774221642844,1517.3543350286775,5.353275664815299,13.301029995663981,13.301029995663981,3.016965174572066,3.4721430597913607
Er,0.6506874769311867,0.9471724293839188,18.33479392438593,-0.4968894215635325,-0.5032161525165643,1.089928909226221,68.0,167.26,2990.811,200000000.0,0.8780889045389921,8.301029995663981,191.01294649923761,337.76647376283097,5.51975296116178,0.8860566476931631,13.301029995663981,3.483321478730006,4.275711275958026
Eu,1.836195099345312,1.7538557285952794,37.17694912962397,-0.5044025157947009,-0.5360747735143746,0.457609766950261,63.0,151.96,209643.6,1e-05,0.7087182033787164,-5.0,233.61249550399455,3695.097311899881,5.05908700475699,0.598653742636051,13.301029995663981,1.7741713199393008,-2.656273545702052
Fe,1.8166397061247228,1.8158556344324703,12.841562322385691,-0.5000007334510196,-0.5032801162452215,0.6515237402440719,26.0,55.845,1370.88,45000000.0,0.523054648175128,7.653212513775344,11.97186865446583,20.948059850377113,4.878496728491678,2.4331063552105414,13.301029995663981,5.377669953543789,5.840590040423834
Ga,1.244212882327505,1.2659233934754883,12.870902626336806,-0.4999962801995333,0.1958362720707028,0.595268570414032,31.0,69.723,2307.373,53000000.0,0.5987624880130803,7.724275869600789,50.947846350796695,125.08188367693218,4.6680304135408575,1.1913401054743025,13.301029995663981,3.734311902884789,4.734535562916954
Gd,0.5593015600655376,0.4548559839001448,33.38370829174824,-0.4866980707881305,-0.8514748022658088,0.4792429195595193,64.0,157.25,404289.9,1e-05,0.608021551211668,-5.0,1000.6837094914717,141852.47184896667,6.697287875765853,0.598653742636051,13.301029995663981,2.7567812083270167,-3.73117876226463
Ge,1.3442202839155208,1.5486630541462627,9.90313380384985,-0.499991912452409,-0.2473578405600581,0.982129080903233,32.0,72.63,1901.602,51000000.0,0.7544962106465077,7.707570176097937,32.950986122417085,53.75966717440888,5.661249468986976,1.2147698505723872,13.301029995663981,4.193304872650958,4.791862341521393
Hf,-0.5854806631884105,-0.6797796407952101,14.752925314404845,-0.4992883011807604,-0.6038483123249835,0.2029347583207929,72.0,178.49,2310.062,200000000.0,0.7606930764185915,8.301029995663981,466.29953515703335,11051.043207223263,5.924608646182627,0.8538719643217618,13.301029995663981,2.5972469352522665,4.755886862028971
Hg,1.1395184313696436,1.1642320694080075,22.36103259358695,-0.5007370675679131,-0.6178677836281292,0.7218833690340825,80.0,200.59,5320.111,1e-05,0.7307162960912692,-5.0,109.75897198550456,364.4925232633184,5.304039170215781,13.301029995663981,13.301029995663981,3.878387698191601,3.031022624339455
Ho,0.5301960975485029,0.4916622336781776,21.86494365888079,-0.5000427299098682,-0.1524275531244074,0.0793087274881172,67.0,164.93,3063.124,200000000.0,0.8674060784107285,8.301029995663981,96.07500878726621,987.4209660022449,5.562825522579243,7.714693326463895,13.301029995663981,2.5405668800677472,2.6186750839049497
In,0.1538136898774298,0.48886659313586,24.5614666677492,-0.4987865648108951,-1.1971945923868708,1.0194926823419013,49.0,114.82,11744.7,1.46,0.9428991233633264,0.1643528557844371,333.54248727844526,3810.441818144656,6.254512874380308,0.03167452139061577,13.301029995663981,2.583882769665198,2.038632435613468
Ir,-0.0699853176384668,-0.1505604690828823,16.098323171155904,-0.5004132081996474,-0.481299225439496,0.6619129441302527,77.0,192.22,2177.848,200000000.0,0.863693701268347,8.301029995663981,148.38721810321962,3080.26466949374,5.44824526692346,0.7825160557860942,13.301029995663981,1.84170604946945,4.753054843449699
Kr,1.235275953047538,1.1821313550321786,15.911732122485546,-0.5001431696855297,-0.3697322929888101,0.8331490781524963,36.0,83.798,1757.586,53000000.0,0.948033735513467,7.724275869600789,23.273453603628987,115.55406531525979,5.717696944190012,1.1706962271689747,13.301029995663981,4.204064001802055,5.379978343296605
La,0.0846434771079854,0.5922351777357079,7.24660712145706,-0.5000292672120678,-0.309652825366595,1.8032375096988909,57.0,138.91,3408.001,200000000.0,1.4705962203165182,8.301029995663981,159.5932878926019,871.4942695688509,7.5077953117356255,1.0639137251289243,13.301029995663981,3.4781062672179344,5.7466501146538596
Li,2.6036351680243133,2.135004235565772,34.25988350083826,-0.500000591767402,-0.4998983001342498,0.1340553966053147,3.0,6.94,162960.2,1e-05,1.120012953769116,-5.0,16.45499773448331,1194.1918787577226,4.911051553335263,0.598653742636051,13.301029995663981,2.7437137372229876,-4.088982135617196
Lu,-0.4345509330028866,-0.5352915720445197,12.447125033618963,-0.4918534530109551,-0.3999016274856351,0.529137924784208,71.0,174.97,2716.936,200000000.0,0.7933748129182676,8.301029995663981,489.34047150825154,9319.035805216932,5.339702975283442,0.8538719643217618,13.301029995663981,2.633673270223048,5.66606017421467
Mg,2.535369549094563,2.839247167601907,9.445030433137804,-0.5000005389177669,-0.4770892156575652,0.4768602755128969,12.0,24.305,2768.849,498296.0,0.9062889016345764,5.6974874009480985,3.614581533692591,4.00914813263634,5.647813595506962,2.489431870122467,13.301029995663981,4.953627704106715,5.732542863659038
Mn,1.5446093265205518,1.6084447294632105,18.42317726322784,-0.4999968267146135,-0.4702833980186826,0.4388853586181951,25.0,54.938,1511.587,20811320.0,0.6067063583768372,7.318299627089828,20.521322108548326,37.238177589893674,4.905739641585773,5.26114732925863,13.301029995663981,4.507976597396257,4.8498677808919375
Mo,0.4288187111642469,0.8550058761870011,5.881307033780947,-0.5000213720253455,-0.1864171382078955,1.3250173352544927,42.0,95.95,1206.545,57000000.0,1.0748056946129076,7.7558748556724915,99.63523692144675,168.47584685453432,6.258422939078985,1.2803331761313483,13.301029995663981,3.7302375862218677,4.955867933570872
Na,2.485354148658293,2.743610127164638,15.232254062385572,-0.499999961929358,-0.4967582445707071,0.5098680768231907,11.0,22.99,1473.681,708700.6,0.638453776600644,5.850462800444004,2.889464316932985,2.659459307284661,4.567973959710988,4.269865706170252,13.301029995663981,5.184089989233275,5.884873154004966
Nb,0.1841286394796974,0.5006035620204754,1.598048679960856,-0.4995922663746676,-0.0579506911042861,1.3404713408515896,41.0,92.906,1292.304,57000000.0,0.9836168316884696,7.7558748556724915,133.04523633820554,408.0948616301228,5.6068181199960465,1.1870866433571443,13.301029995663981,3.403220997730382,5.231082873101256
Nd,0.9762398199671626,1.0801939610324636,19.08615849199296,-0.4899884398913586,-0.0285440971139847,0.7628175840538934,60.0,144.24,3672.231,200000000.0,0.610202043268009,8.301029995663981,141.17501322349594,305.306486564907,4.0885885617752304,0.9929417529735955,13.301029995663981,3.527768435211241,4.729970790621487
Ne,1.5898349006495354,1.9012925276693555,-2.194805116441695,-0.5000013816809205,-0.4997502643533034,0.6729605112127789,10.0,20.18,1042.561,911312.5,1.0826659027132508,5.959667327306078,6.900472092029996,13.086061204289015,6.50003877756387,1.175554197242577,13.301029995663981,4.6551011220319145,6.027846745634564
Ni,1.8289636219604464,1.883122518992232,16.07137880964146,-0.5000006277316092,-0.5020510806940849,0.4142124153362789,28.0,58.693,861.8347,36000000.0,0.3608567140781524,7.556302500767287,9.311927369810919,11.279801500239579,4.221029496185945,1.6100334248172183,13.301029995663981,5.322913623955399,5.652755624942446
Os,-0.7361470541080825,-1.2864612000020768,3.0553059372337774,-0.4992601553305207,-0.042779519285383,1.199148833952591,76.0,190.23,2246.749,200000000.0,1.134623894317898,8.301029995663981,291.4168423339044,43452.59893267179,5.673187615686254,0.8096683018297082,13.301029995663981,2.988087079695341,5.652438525044667
Pb,1.82277496506242,1.920709697602352,1.946357089706656,-0.5000002608332343,-0.5003159672915602,0.6527182646722336,82.0,207.2,3806.503,200000000.0,0.5220559665353478,8.301029995663981,37.54501172401408,45.689507721598744,6.7116507242416406,0.7099653886374817,13.301029995663981,5.25442145406621,5.775747936207045
Pd,0.3118785761011005,0.6187285162363269,10.03816510924145,-0.5000302694246616,-0.0193897081412245,0.9997955374243608,46.0,106.42,655.7841,200000000.0,0.7718610069127855,8.301029995663981,103.61584771295547,157.7728847804178,5.309361124717465,6.782845454853987,13.301029995663981,3.307553685283707,4.3726897775708355
Pr,0.5875714032094553,0.5948829267288656,11.019041130331455,-0.5000592211617811,-0.1530183378975904,0.8661057091328154,59.0,140.91,3759.67,200000000.0,0.7288005769079529,8.301029995663981,181.4955563591469,955.5794471386017,5.808225175023907,1.0705810742857071,13.301029995663981,3.503647353093423,5.2154054007446495
Pt,0.6068756504983871,1.0968050747836244,5.617810780562561,-0.499971824936488,-0.2676282354007021,1.307067954800619,78.0,195.08,692.7205,200000000.0,1.035092049702291,8.301029995663981,62.26749798132119,55.43103213736438,5.855172033195233,0.795880017344075,13.301029995663981,3.7956226621918976,4.217561690212343
Rb,1.3354350149722585,1.428116076828775,7.201150608346984,-0.4999989663508604,-0.4926187080252483,0.7698256385140518,37.0,85.468,2908.326,55000000.0,0.5852543294971254,7.740362689494244,66.61864777703374,108.52430393921827,5.734134318848733,1.1549453916055503,13.301029995663981,3.933985046057257,4.645971312363472
Re,-1.1871164853549483,-1.194583358279291,9.38600776318908,-0.4999938551959413,-0.2196762073713454,-0.2360770738846015,75.0,186.21,3633.642,200000000.0,0.7424906534865189,8.301029995663981,1165.6543782102906,56875.5350215793,6.864839183866796,0.8386319977650247,13.301029995663981,2.8080234378601117,6.74636867846385
Rh,0.025152373500392,0.3303387787945833,16.540932975088126,-0.4985911513748006,-0.9405747124392752,1.0281635640859703,45.0,102.91,1619.589,59000000.0,0.9454216438914004,7.770852011642144,151.67498046571674,756.9479870472962,6.086460264853109,13.301029995663981,13.301029995663981,3.0518159888259797,3.5910638649526834
Ru,0.4421439070964788,0.6180914193491128,9.312505958211332,-0.4947201647820578,0.0684338608625047,0.9488940643809304,44.0,101.07,1348.045,200000000.0,0.6971152890514735,8.301029995663981,143.6177858860486,324.7977189745409,4.35716830321585,1.1899254971305355,13.301029995663981,3.468271960133512,4.89574427429839
Sb,0.1223360737584877,0.3366784271033162,12.990087076056236,-0.4998439112217716,-0.3436588267258465,0.8757236282026618,51.0,121.76,3549.592,200000000.0,0.9796420349034703,8.301029995663981,87.19528546729218,1634.9331880301766,6.007959828246256,1.1863626435328394,13.301029995663981,2.858955438146523,6.491749140409852
Sc,1.766835709321245,1.875614028917436,20.699837957662965,-0.5000049005921126,-0.5252303980437721,0.7890830937110991,21.0,44.956,1800.457,28000000.0,0.6670789605506278,7.447158031342219,13.346830491203855,23.975558062584827,4.455210671941797,13.301029995663981,13.301029995663981,4.437248738470553,4.678379810079017
Se,1.4957245294161587,1.6344809984268238,17.11742175325461,-0.4997958829186585,-0.3575957190680784,0.7891775016010639,34.0,78.971,2274.692,53000000.0,0.7381798438525873,7.724275869600789,27.609922227417744,52.77662349534354,4.86658087397611,1.21226330852996,13.301029995663981,4.1497440026461,4.8401444522964105
Si,2.3497179359032923,2.606790956658988,8.113091150168266,-0.5000005255370643,-0.499965266072854,0.765129600880768,14.0,28.085,1785.979,1264400.0,0.7564283567740246,6.101884487167542,4.145087000108499,4.4165727783586375,5.403252722782337,1.9458390105243586,13.301029995663981,5.562289081360616,6.120102451797536
Sm,1.024717101943838,1.136864462799942,30.476232391703096,-0.4831480713146893,-0.416725600834076,0.6073721070124014,62.0,150.36,22184.27,1e-05,0.4997114861792013,-5.0,644.5185516114142,1618.7533474308511,4.2762327977624635,0.598653742636051,13.301029995663981,3.083090993162037,1.2588622662083702
Sn,1.566577157738511,1.7379345249829243,9.21745881961845,-0.5001370626554907,0.0571874546431151,0.9333851015190424,50.0,118.71,6749.89,200000000.0,0.9622630409287318,8.301029995663981,52.742362178576094,123.4133582967582,6.639255651468783,1.1322998115085454,13.301029995663981,4.497196064155233,5.575479444626048
Sr,1.782401290347566,1.7082446819109307,8.60664519888198,-0.4995838105788949,-0.6364716797607456,0.9173521532152192,38.0,87.62,2793.56,55000000.0,0.892219944114877,7.740362689494244,10.97165682228185,54.6906798002399,6.199403943687882,2.581052141166862,13.301029995663981,4.752163962377467,5.757526054592982
Ta,-0.7498509631480575,-0.755892175681793,8.74890242289621,-0.4998070685499775,-0.2610062385072235,-0.232811796969457,73.0,180.95,2000.076,200000000.0,0.880806499408252,8.301029995663981,538.1583278689783,11400.887867408153,6.193022650537204,0.8538719643217618,13.301029995663981,2.778636160434255,5.03551185588732
Tb,0.1284873127689406,0.0784560930201632,16.09710412746167,-0.4999087093380057,-0.1156092191414043,0.3760902468911092,65.0,158.93,3205.839,200000000.0,0.8441198028635509,8.301029995663981,179.06103875187114,2675.9969549197913,5.311206251282408,0.9586073148417746,13.301029995663981,2.5138318919444087,5.047800024472519
Te,0.9821488669727704,0.9591223735326724,12.803793225447876,-0.4994038880686583,-0.3906707355940839,0.8805731777624058,52.0,127.6,3669.197,200000000.0,0.6921551976274634,8.301029995663981,147.87429246487503,403.1332838260821,5.994174046676273,1.0705810742857071,13.301029995663981,4.050488926755782,4.9536898983468545
Ti,2.325202907735532,2.355712746211646,18.008941447093413,-0.5000017272398034,-0.5026357053718205,0.3906687810118928,22.0,47.867,3288.249,29999990.0,0.4751736364686814,7.477121109954811,10.007315333435491,14.49612584223696,4.847906423889102,3.175676597273161,13.301029995663981,5.035592101812749,5.376561493856424
Tl,1.425551276689978,1.5695017208799271,7.9893088139142305,-0.4999940091666679,-0.312379091634779,0.7629369487685652,81.0,204.38,3313.097,200000000.0,0.5490401600476724,8.301029995663981,77.28745214459825,89.27552860451857,5.991854354811123,0.795880017344075,13.301029995663981,4.486618586492747,5.021055327693743
Tm,0.4019312307665551,0.5937641924004501,16.371797768966708,-0.4996602172786115,-0.392951939578383,1.173809221666294,69.0,168.93,2962.801,200000000.0,0.856248190640589,8.301029995663981,241.1076179565791,754.9849426065879,5.827271476079869,7.714215252255979,13.301029995663981,3.174876008054774,3.9406856521028955
Unknown,0.4736264690877752,0.8205470492644081,2.7862907340703966,-0.6520463722968906,-0.0866596734701115,1.1894448002229971,,,2855754.0,1.281222e-05,1.8036986935894963,-4.892375612627189,5650.7682872661135,431691.74554235337,10.74097856636228,0.4422214958364252,13.301029995663981,4.052099733868547,-2.551098914614441
Xe,0.3940584497877683,0.7580951961088769,14.99880142400676,-0.4999653827793086,-0.4286013074058958,1.0381078617436506,54.0,131.29,2126.964,200000000.0,0.9625462396357718,8.301029995663981,145.5317611637239,371.2487013930004,5.780456400429686,1.1013022368569247,13.301029995663981,3.453913048714224,4.958230065632868
Yb,0.5685286426613055,0.857820381345904,16.288618504944036,-0.4998725534104091,-0.2656295837103395,1.1137280683371158,70.0,173.05,3407.925,200000000.0,0.9760047677995698,8.301029995663981,183.52008405834098,472.7914859034144,5.453070709529629,0.8696662315049943,13.301029995663981,3.337039774523112,4.401328541261395
Zn,1.8853259900022843,1.956156852337608,9.198549798261228,-0.4997435998164359,-0.4890934278888356,0.8190529818820298,30.0,65.38,1870.111,47000000.0,0.5365737037296746,7.672097857935717,14.059484459127086,20.6876201013766,5.143307870253724,1.279352906359489,13.301029995663981,5.025633449004594,5.370486595538913
Zr,1.289865445911058,1.4689468034512942,0.980757236653158,-0.5000025661450854,-0.5095470536725977,1.1678223669172634,40.0,91.224,3219.789,60000000.0,0.8841827589509897,7.778151250383644,64.5325609095261,109.36556681400285,7.000378916438693,1.1405854759609895,13.301029995663981,4.135966511229487,4.8005747957715315
